,name,bond_length,binding_energy,binding_energy_std,direct_gap,indirect_gap,hole_mass,elec_mass,eff_mass,elec_eps,ionic_eps,omega_irr,distance_mean,vbm_deriv,nv_unnorm,nv,nc_unnorm,nc,binary,vbm_deriv_L2,nv_dict,nc_dict,WM_elec,WM_total,nvnc,nvnc_unnorm
mp-66,C,1.54,75.0,5.0,5.614058982416828,4.1905970568113515,0.34479687000150205,0.40000340465989664,0.18517705566016043,5.81197126,0.0,0.696025,0.500598268348716,3.9736542697833364,0.12488396267948271,1.0,0.0887313916938387,1.0,False,4.948411705364439,"{'E0_r0': 1.0, 'E0_r1': 1.0, 'E0_r2': 1.0, 'E1_r0': 1.0, 'E1_r1': 1.0, 'E1_r2': 1.0, 'E2_r0': 1.0, 'E2_r1': 1.0, 'E2_r2': 1.0}","{'E0_r0': 1.0, 'E0_r1': 1.0, 'E0_r2': 1.0, 'E1_r0': 1.0, 'E1_r1': 1.0, 'E1_r2': 1.0, 'E2_r0': 1.0, 'E2_r1': 1.0, 'E2_r2': 1.0}",74.58661977944163,74.58661977944163,1.0,0.011081127808791915
mp-111,Ne,2.97,4100.0,0.0,11.865512069255024,11.865512069255024,5.675707650032162,0.7698998273037047,0.6779386357222293,1.32151059,0.0,0.44273333333333337,0.0,0.26367830377220275,5.024594503418596,1.0,0.0064554496433213,1.0,False,0.27701017664651817,"{'E0_r0': 1.0, 'E0_r1': 1.0, 'E0_r2': 1.0, 'E1_r0': 1.0, 'E1_r1': 1.0, 'E1_r2': 1.0, 'E2_r0': 1.0, 'E2_r1': 1.0, 'E2_r2': 1.0}","{'E0_r0': 1.0, 'E0_r1': 1.0, 'E0_r2': 1.0, 'E1_r0': 1.0, 'E1_r1': 1.0, 'E1_r2': 1.0, 'E2_r0': 1.0, 'E2_r1': 1.0, 'E2_r2': 1.0}",5281.651684683373,5281.651684683373,1.0,0.03243601679492774
mp-149,Si,2.36,14.5,0.2,2.5573986989625457,0.5698996684107137,0.22122052656288554,0.2629860782005554,0.12015102257156916,12.880761156666667,1.3333333333333334e-08,2.058875,0.49940505374135796,4.60766286738849,0.17025046035084762,1.0,0.1092058593481355,1.0,False,3.6315610351451495,"{'E0_r0': 1.0, 'E0_r1': 1.0, 'E0_r2': 1.0, 'E1_r0': 1.0, 'E1_r1': 1.0, 'E1_r2': 1.0, 'E2_r0': 1.0, 'E2_r1': 1.0, 'E2_r2': 1.0}","{'E0_r0': 1.0, 'E0_r1': 1.0, 'E0_r2': 1.0, 'E1_r0': 1.0, 'E1_r1': 1.0, 'E1_r2': 1.0, 'E2_r0': 1.0, 'E2_r1': 1.0, 'E2_r2': 1.0}",9.85292288876687,9.85292286836865,1.0,0.018592347827029985
mp-463,KF,2.65,900.0,0.0,6.313560140667991,6.313560140667991,2.751492995643625,0.5448566569777417,0.45479680048864607,1.9954137299999999,3.417175386666667,0.771,1.2299024559031503e-07,0.5127492841907112,5.136539636985144,0.9769799906062064,0.0072237865195768,0.5694843685153751,True,0.42153506428519455,"{'E0_r0': 0.9782102117654843, 'E0_r1': 0.9769758889256817, 'E0_r2': 0.9739015103975514, 'E1_r0': 0.9782137352417738, 'E1_r1': 0.976980030358592, 'E1_r2': 0.9739027140939224, 'E2_r0': 0.9782137352417738, 'E2_r1': 0.976980030358592, 'E2_r2': 0.9739027140939224}","{'E0_r0': 0.567592501550379, 'E0_r1': 0.5697412816479575, 'E0_r2': 0.5489822578673248, 'E1_r0': 0.567733366084783, 'E1_r1': 0.5694842748533705, 'E1_r2': 0.5487966961691612, 'E2_r0': 0.5802529671224379, 'E2_r1': 0.579338162744418, 'E2_r2': 0.5557415783953796}",1554.075649680279,211.21655171571555,0.5563748330025325,0.03710526578692519
mp-661,AlN,1.9,66.3,13.47,4.068799747763953,4.068799747763953,0.6567151215277903,0.2953277956833536,0.20371584697133419,4.537506953333334,4.21212398,1.34175,0.024689069517025517,2.8597534872742174,1.722386705010245,0.8996778806689274,0.031754886054391,0.7489261798246485,True,1.627738469532226,"{'E0_r0': 0.9516997965271455, 'E0_r1': 0.9039613093616824, 'E0_r2': 0.8252113337827097, 'E1_r0': 0.9488310516518149, 'E1_r1': 0.8996765640603287, 'E1_r2': 0.8203026748479171, 'E2_r0': 0.945296963947212, 'E2_r1': 0.8942341541590353, 'E2_r2': 0.8138268110869988}","{'E0_r0': 0.8871063470152621, 'E0_r1': 0.7888462475642374, 'E0_r2': 0.6828150482707055, 'E1_r0': 0.8615832830403684, 'E1_r1': 0.7489255044233977, 'E1_r2': 0.6399529203504669, 'E2_r0': 0.8004838691809502, 'E2_r1': 0.6641524010860481, 'E2_r2': 0.5604540577153969}",134.6203991953834,36.204788282184396,0.6737923182421157,0.0546941935591983
mp-682,NaF,2.29,800.0,0.0,6.58306094904052,6.58306094904052,2.3683895384561264,0.5658754582387503,0.4567459029335539,1.868682373333333,2.5994025733333337,0.6174333333333334,1.1669000287080766e-07,0.4031841879629152,3.869119882649425,0.9866939849556449,0.0114695019317425,0.5808258316941538,True,0.3955079362455516,"{'E0_r0': 0.9925293765960269, 'E0_r1': 0.9874915504481432, 'E0_r2': 0.9709905017199522, 'E1_r0': 0.9919969943954647, 'E1_r1': 0.9866938621199591, 'E1_r2': 0.969557308131311, 'E2_r0': 0.9909416453718768, 'E2_r1': 0.9850442096849923, 'E2_r2': 0.9665555988876146}","{'E0_r0': 0.7297582311004679, 'E0_r1': 0.5612437307256227, 'E0_r2': 0.48085171374635904, 'E1_r0': 0.744942314432217, 'E1_r1': 0.5808184669883195, 'E1_r2': 0.49434040091540843, 'E2_r0': 0.744942314432217, 'E2_r1': 0.5808184669883195, 'E2_r2': 0.49434040091540843}",1779.6080005648018,311.28090833839315,0.5730973544394813,0.0443768779681909
mp-804,GaN,1.95,23.3,2.77,1.9635427894395536,1.963542789439552,0.45980309133981934,0.1733482094415503,0.1258878288350389,5.769246273333334,4.575057913333333,1.6758333333333333,0.0750861857526275,3.7169016193928854,0.8287562998181469,0.8805509473682673,0.012747743599604,0.7617491929222235,True,2.1148922630219325,"{'E0_r0': 0.9007648458981926, 'E0_r1': 0.8840135916777437, 'E0_r2': 0.8279349941387915, 'E1_r0': 0.8991856278755445, 'E1_r1': 0.8805517357668549, 'E1_r2': 0.8234124250734499, 'E2_r0': 0.8980556621797928, 'E2_r1': 0.8759774882334945, 'E2_r2': 0.816855261521617}","{'E0_r0': 0.8564211330836977, 'E0_r1': 0.7617520660972488, 'E0_r2': 0.6762012292526961, 'E1_r0': 0.8564211330836977, 'E1_r1': 0.7617520660972488, 'E1_r2': 0.6762012292526961, 'E2_r0': 0.8634588139161253, 'E2_r1': 0.7728594000964215, 'E2_r2': 0.6886762787462688}",51.459582015117356,16.006701447137797,0.670758973484677,0.010564772816638276
mp-856,SnO2,2.06,32.7,0.0,1.0247271104583546,1.024727110458354,1.445542367704211,0.18546912254102546,0.16437865467990342,4.467711293333333,7.5511139300000005,1.1479666666666668,0.03652238476569196,1.7378566773999269,3.3776051919104226,0.984982098597648,0.0136854054483204,0.6312202628271648,False,0.9349787583111351,"{'E0_r0': 0.9904079432287458, 'E0_r1': 0.9882039959061387, 'E0_r2': 0.9778045994883074, 'E1_r0': 0.9869772137217182, 'E1_r1': 0.9849821363500845, 'E1_r2': 0.9738416189121433, 'E2_r0': 0.9835583419868381, 'E2_r1': 0.9814801485663112, 'E2_r2': 0.9693334803527581}","{'E0_r0': 0.7572309069401033, 'E0_r1': 0.6312195931745516, 'E0_r2': 0.5709641005655952, 'E1_r0': 0.7572309069401033, 'E1_r1': 0.6312195931745516, 'E1_r2': 0.5709641005655952, 'E2_r0': 0.7689435140868284, 'E2_r1': 0.6467131901871611, 'E2_r2': 0.5853961621843722}",112.04587878174544,15.482534253647545,0.6217406591568597,0.04622389649564616
mp-909,As2Se3,2.41,53.5,3.5,1.6616679169921211,1.4077886708778968,0.9346356698036141,0.8735153395991643,0.4515212447768146,8.686457463333333,2.426362896666667,3.472272222222222,0.31179129865243893,4.174554415264633,6.625511002796119,0.8494291092296588,1.9481100336467847,0.5303054814012341,False,0.9151953247534712,"{'E0_r0': 0.8568723121060356, 'E0_r1': 0.8533383099933539, 'E0_r2': 0.8458759413034762, 'E1_r0': 0.8527963482730364, 'E1_r1': 0.8494291997355757, 'E1_r2': 0.8420533814025359, 'E2_r0': 0.8504166792841895, 'E2_r1': 0.8468999086935607, 'E2_r2': 0.8394265030246658}","{'E0_r0': 0.5397401796187468, 'E0_r1': 0.5332385751449312, 'E0_r2': 0.528446398431132, 'E1_r0': 0.5386591507952998, 'E1_r1': 0.5303055259513465, 'E1_r2': 0.5244155380504647, 'E2_r0': 0.5362649675075768, 'E2_r1': 0.5259540481391268, 'E2_r2': 0.519168648010212}",81.41669373116005,49.745095467194574,0.45045691268625565,12.90722446258429
mp-1087,SrS,3.02,70.0,0.0,2.982770488532017,2.517074012061884,0.5295126368350642,0.42081314068999787,0.23447314701060945,4.65756922,7.043458403333333,2.3276,2.303284380978848e-07,1.713565506569869,1.3018808374390158,0.9334854849708605,0.0187871948842148,0.31835543395974103,True,1.1707236480037413,"{'E0_r0': 0.9291519002191478, 'E0_r1': 0.9406298005786607, 'E0_r2': 0.9420549259101922, 'E1_r0': 0.9243903683713682, 'E1_r1': 0.9334862305094225, 'E1_r2': 0.9325187262899156, 'E2_r0': 0.9175446168607864, 'E2_r1': 0.9283393170075918, 'E2_r2': 0.9283365775431294}","{'E0_r0': 0.2870933322817088, 'E0_r1': 0.2826927433878768, 'E0_r2': 0.2916369991549768, 'E1_r0': 0.32976303907501364, 'E1_r1': 0.31835813022299014, 'E1_r2': 0.319082848025819, 'E2_r0': 0.32120115990815934, 'E2_r1': 0.31044668375893886, 'E2_r2': 0.31210635735807957}",147.0601970760654,23.300528430593832,0.2971801766630176,0.024458689008991556
mp-1138,LiF,2.04,900.0,0.0,8.776482469286515,8.77571139933708,2.8768682637560477,0.8639060912761903,0.66439292536173,2.04284005,9.223883886666668,0.5926,2.3936205532110065e-07,0.7657827180295075,3.021518794617416,0.9719508804235318,0.0151989685223976,0.5243967802116188,True,0.7757343041050953,"{'E0_r0': 0.9898523264221022, 'E0_r1': 0.9735432372600332, 'E0_r2': 0.9335805002811637, 'E1_r0': 0.988975160103423, 'E1_r1': 0.9719508362325391, 'E1_r2': 0.9311196885879687, 'E2_r0': 0.9880511984165338, 'E2_r1': 0.9702216899727036, 'E2_r2': 0.9283562811325022}","{'E0_r0': 0.679358783656927, 'E0_r1': 0.5244000192623244, 'E0_r2': 0.4869732590743859, 'E1_r0': 0.679358783656927, 'E1_r1': 0.5244000192623244, 'E1_r2': 0.4869732590743859, 'E2_r0': 0.6825548616548399, 'E2_r1': 0.5294901783511052, 'E2_r2': 0.49031454850503764}",2166.0922041820563,71.21153713660831,0.5096879122179483,0.045923969049222836
mp-1143,Al2O3,1.87,130.0,0.0,5.914440174046506,5.914440174046506,0.9630981248985349,0.37602568701239475,0.27043775254696817,3.2564613833333333,7.5010902166666655,0.8811444444444445,0.015008710742162748,1.3060651745732066,6.602243586102758,0.9571210910634097,0.0402527680078269,0.6342812351277167,False,0.7795227893630534,"{'E0_r0': 0.9819079694207651, 'E0_r1': 0.958266925147378, 'E0_r2': 0.9109909553867463, 'E1_r0': 0.9814075484788312, 'E1_r1': 0.9571207364375444, 'E1_r2': 0.9088432684978571, 'E2_r0': 0.9804068131792748, 'E2_r1': 0.9549641222197393, 'E2_r2': 0.9050042109724764}","{'E0_r0': 0.763452702718744, 'E0_r1': 0.6286190978693376, 'E0_r2': 0.5926115089114111, 'E1_r0': 0.767710399048042, 'E1_r1': 0.6342810402336708, 'E1_r2': 0.5969153209902435, 'E2_r0': 0.7753858876018881, 'E2_r1': 0.6446026205506801, 'E2_r2': 0.6049124163514251}",346.9733509994545,31.795166938796573,0.6070839478064873,0.2657585794025574
mp-1253,BaSe,3.33,78.0,0.0,2.2302963805715095,2.019734141919253,0.48687412401282776,0.4221402595125872,0.22610111873437955,5.315095593333334,8.541177666666668,3.0238666666666667,4.13592020391402e-07,2.125168535369053,1.3019922953270946,0.9015465653381867,0.0124006368092678,0.28711129156455745,True,1.328469228445506,"{'E0_r0': 0.884641484493559, 'E0_r1': 0.8977848421880184, 'E0_r2': 0.9073401878871284, 'E1_r0': 0.8916778850506921, 'E1_r1': 0.9015506986443087, 'E1_r2': 0.9076448768849505, 'E2_r0': 0.8894932520590298, 'E2_r1': 0.9006138503448864, 'E2_r2': 0.9073214514962764}","{'E0_r0': 0.32574225888767805, 'E0_r1': 0.2906239850400648, 'E0_r2': 0.27536658772073097, 'E1_r0': 0.32209796758434805, 'E1_r1': 0.28714473887286296, 'E1_r2': 0.27193566735120706, 'E2_r0': 0.3433520728227239, 'E2_r1': 0.305547164187978, 'E2_r2': 0.28632117477628666}",108.89331494023963,16.02250808879668,0.25884419877983744,0.01614553358281624
mp-1265,MgO,2.1,82.5,2.5,4.902086299806362,4.902086299806362,0.8690875362265517,0.35496745855148154,0.2520293575935694,3.1131890166666665,6.428140673333332,0.9160666666666667,1.1830406128121516e-07,1.1454049190073803,1.564915712679909,0.9629396647207591,0.0054255775406229,0.6554581614682937,True,1.2277110706054477,"{'E0_r0': 0.9860531350831194, 'E0_r1': 0.9659278330537553, 'E0_r2': 0.9210010028932906, 'E1_r0': 0.9843654258472941, 'E1_r1': 0.9629406773374806, 'E1_r2': 0.916175238716424, 'E2_r0': 0.9830780785737088, 'E2_r1': 0.9606944133473888, 'E2_r2': 0.9126778957329993}","{'E0_r0': 0.8116138768447287, 'E0_r1': 0.6554627416351166, 'E0_r2': 0.5646364796520172, 'E1_r0': 0.8116138768447287, 'E1_r1': 0.6554627416351166, 'E1_r2': 0.5646364796520172, 'E2_r0': 0.820582819188227, 'E2_r1': 0.6700926155850785, 'E2_r2': 0.578051153880338}",353.80243742995646,37.66638961657636,0.631166662242764,0.008490571543683993
mp-1342,BaO,2.79,73.0,0.0,2.128277753900075,2.1282777539000755,1.0632214726214304,0.5150153268996627,0.3469538629786261,4.270361510000001,54.57146165,1.7148,2.1370132651255788e-07,2.0524818411674977,2.544208690061641,0.9339033647713606,0.0130829412117579,0.2747323287392343,True,1.69402255096252,"{'E0_r0': 0.9485260765886151, 'E0_r1': 0.9313644431058152, 'E0_r2': 0.9218239523455878, 'E1_r0': 0.9508671701542801, 'E1_r1': 0.9339030312291394, 'E1_r2': 0.9235160406829324, 'E2_r0': 0.9541567780547727, 'E2_r1': 0.9375331452464404, 'E2_r2': 0.926178143016155}","{'E0_r0': 0.4056793561237927, 'E0_r1': 0.2728996181366049, 'E0_r2': 0.23540676854756012, 'E1_r0': 0.4081621267378785, 'E1_r1': 0.27472668102668585, 'E1_r2': 0.2360298987861656, 'E2_r0': 0.42005072700345286, 'E2_r1': 0.2829130287171603, 'E2_r2': 0.24084245941554933}",258.85890544636794,1.363390154846744,0.2565734462210425,0.03328573272252002
mp-1415,CaSe,2.97,70.0,0.0,2.968070002040528,2.043377089879386,0.39162517589834217,0.3927115786163983,0.19608381242839265,5.64392255,6.572511250000001,2.5699,6.998067250176624e-08,1.872316701838499,0.4405546948350002,0.9074257339400743,0.0142598788525946,0.1554169682985055,True,1.2478602850525207,"{'E0_r0': 0.8923184418326544, 'E0_r1': 0.9205302034182472, 'E0_r2': 0.9226202193436609, 'E1_r0': 0.8758459939162694, 'E1_r1': 0.9074258165763726, 'E1_r2': 0.9105573782462875, 'E2_r0': 0.8596203915894991, 'E2_r1': 0.8935827705367727, 'E2_r2': 0.8974015962661122}","{'E0_r0': 0.08980028702039604, 'E0_r1': 0.13454484084769117, 'E0_r2': 0.17999859160339893, 'E1_r0': 0.10894689574127421, 'E1_r1': 0.15541808901399443, 'E1_r2': 0.19882096884156028, 'E2_r0': 0.10170262234310054, 'E2_r1': 0.14678969069384648, 'E2_r2': 0.1899600073044312}",83.75298967124196,17.876130550685676,0.1410293565250126,0.006282256576288886
mp-1500,BaS,3.23,73.0,0.0,2.375673331444024,2.2531339323854676,0.5955167031488126,0.4535478999745731,0.2574630287865674,4.805892456666666,10.033195260000001,2.6486,1.7959208203707957e-07,1.907002010531439,1.7549298672685885,0.918747290472812,0.0156146252463751,0.3348940526682424,True,1.2927258519925076,"{'E0_r0': 0.9134389361005124, 'E0_r1': 0.9151696835644365, 'E0_r2': 0.9172263219862665, 'E1_r0': 0.9184704530094709, 'E1_r1': 0.9187481543483459, 'E1_r2': 0.9186386241663752, 'E2_r0': 0.9172686740880119, 'E2_r1': 0.918466718422185, 'E2_r2': 0.9186853578792218}","{'E0_r0': 0.4016555780666203, 'E0_r1': 0.33436584105992045, 'E0_r2': 0.3005576527466313, 'E1_r0': 0.40205465725061706, 'E1_r1': 0.3348810560651256, 'E1_r2': 0.3006422747253904, 'E2_r0': 0.4226410660675899, 'E2_r1': 0.3526563645507749, 'E2_r2': 0.3140321980676619}",151.66572477870304,15.90820347341426,0.3076830034844069,0.027402572211069804
mp-1550,AlP,2.37,25.0,0.0,3.2203605208748134,1.5949933637075295,0.34602367480629603,0.3232365645760962,0.1671210947920628,8.10020562,2.1979172666666664,2.8237666666666663,0.12079640548865599,3.602342977230729,0.2958603984112492,0.822779896963641,0.0257732392062442,0.5235949904835209,True,2.837937489028957,"{'E0_r0': 0.8624115665848316, 'E0_r1': 0.8295569544415242, 'E0_r2': 0.7786400303825561, 'E1_r0': 0.8562806669838524, 'E1_r1': 0.82278269107785, 'E1_r2': 0.7715819706961856, 'E2_r0': 0.8485122379205433, 'E2_r1': 0.8143537992206904, 'E2_r2': 0.7629755494601816}","{'E0_r0': 0.5729749262666831, 'E0_r1': 0.5131776081087907, 'E0_r2': 0.46070306934781896, 'E1_r0': 0.5793610032660673, 'E1_r1': 0.5235961089834716, 'E1_r2': 0.4738916155429807, 'E2_r0': 0.5493590449514081, 'E2_r1': 0.49838108587617524, 'E2_r2': 0.45583300333964827}",34.65451718302075,21.440543957348176,0.4308034323207099,0.007625280819907838
mp-1672,CaS,2.85,70.0,0.0,3.181967884465316,2.3776894676368414,0.49734663846758964,0.42406517654029946,0.22889590366461396,4.997810136666668,6.965852083333334,2.1888333333333327,0.024133131726785686,1.8254106413907685,0.6671342156244588,0.9297168381604302,0.0169682703776733,0.20414361962483854,True,1.2684261446413698,"{'E0_r0': 0.9230030728041224, 'E0_r1': 0.9368567607926137, 'E0_r2': 0.9329340467513718, 'E1_r0': 0.9141831553841436, 'E1_r1': 0.9297164413842405, 'E1_r2': 0.9259775582991057, 'E2_r0': 0.9008840521215775, 'E2_r1': 0.9162487513733598, 'E2_r2': 0.9120408765869313}","{'E0_r0': 0.15005518316759286, 'E0_r1': 0.1884080554702192, 'E0_r2': 0.22668373065321074, 'E1_r0': 0.16619999459886461, 'E1_r1': 0.2041448831472419, 'E1_r2': 0.23984196031803362, 'E2_r0': 0.16539879693004347, 'E2_r1': 0.20280169329279063, 'E2_r2': 0.23779371146333517}",124.68068531693649,21.758572644964765,0.18979576056823041,0.011320113748912817
mp-1784,CsF,3.01,800.0,0.0,5.808704001391735,5.4790922520564305,1.9845614720586817,0.41402340493584233,0.3425581916433048,2.351528023333333,6.257414193333333,1.2200333333333333,1.307617334256098e-07,1.3348080848264603,4.996936756129756,0.96711166504853,0.0078991471980997,0.2357727731888603,True,0.9819435189979416,"{'E0_r0': 0.9792548856047268, 'E0_r1': 0.9670052850191069, 'E0_r2': 0.9586539771884555, 'E1_r0': 0.9793037661543031, 'E1_r1': 0.9671116535015428, 'E1_r2': 0.9588029191163333, 'E2_r0': 0.9793037661543031, 'E2_r1': 0.9671116535015428, 'E2_r2': 0.9588029191163333}","{'E0_r0': 0.3348378842168742, 'E0_r1': 0.25715948637046604, 'E0_r2': 0.2600169933334114, 'E1_r0': 0.3217072343912731, 'E1_r1': 0.23577698346763998, 'E1_r2': 0.23045729641916926, 'E2_r0': 0.38292224885210246, 'E2_r1': 0.28287438275522697, 'E2_r2': 0.26478891503832835}",842.8585706901597,62.886212503823515,0.2280185992517881,0.039471538976263765
mp-1985,C3N4,1.46,116.0,0.0,3.4593852057657495,3.3035640920065497,2.225840317896782,0.8404062325167205,0.610065121963265,5.029698243333333,2.44997148,1.2986416666666667,0.12523033783713625,3.463066838926469,1.3215901093416527,0.8835042387281886,1.4362275161814546,0.4493161053427514,False,1.8873971569325507,"{'E0_r0': 0.9526052974483237, 'E0_r1': 0.8837297735066331, 'E0_r2': 0.7400532976574739, 'E1_r0': 0.9517939802357915, 'E1_r1': 0.8835044047363703, 'E1_r2': 0.7404745074968364, 'E2_r0': 0.9520734090220867, 'E2_r1': 0.8851086632271775, 'E2_r2': 0.742860579247305}","{'E0_r0': 0.41759641801430014, 'E0_r1': 0.4478662324954525, 'E0_r2': 0.5075761064503284, 'E1_r0': 0.42066873828984913, 'E1_r1': 0.44931621741163114, 'E1_r2': 0.5073808797647695, 'E2_r0': 0.4192546361820599, 'E2_r1': 0.44812794337389333, 'E2_r2': 0.5070281877407309}",328.10511677850917,148.3651914303805,0.39697268359916216,1.8981040801497389
mp-2064,RbF,2.92,800.0,0.0,6.410271419580349,6.410271419580349,2.3194506775791983,0.4293342788326186,0.36227631471259486,2.33935638,7.545451623333332,0.8932666666666668,2.545657979183672e-07,0.9112405959570559,5.1401160972598925,0.9764543890261446,0.0069500616720906,0.5164929648200228,True,0.5645416870427458,"{'E0_r0': 0.9801543195175592, 'E0_r1': 0.9763117560404128, 'E0_r2': 0.9737691229936734, 'E1_r0': 0.9803064199588072, 'E1_r1': 0.9764544612740775, 'E1_r2': 0.9737407259310554, 'E2_r0': 0.9803140830870107, 'E2_r1': 0.976463641001875, 'E2_r2': 0.9737465846945271}","{'E0_r0': 0.4926942621943315, 'E0_r1': 0.5070516480610314, 'E0_r2': 0.5382243977003895, 'E1_r0': 0.5093826621510559, 'E1_r1': 0.5164905458785682, 'E1_r2': 0.538276524074101, 'E2_r0': 0.5134901452177382, 'E2_r1': 0.5182593946133465, 'E2_r2': 0.5382236660708629}",900.6744292800836,50.44569757843637,0.5043318223996374,0.0357241238776619
mp-2160,Sb2Se3,2.64,6.0,0.0,0.9080961851694936,0.8931373051575768,1.1139187943378401,0.32755049824298943,0.2531199644456735,15.437591410000001,41.06026651,4.4877,0.2536493463612791,3.157328275159527,5.532927348122549,0.8518213914744972,1.1810956695082109,0.5612186699447083,False,0.9836122044284407,"{'E0_r0': 0.8512606537115873, 'E0_r1': 0.8444556243754416, 'E0_r2': 0.8371504397039271, 'E1_r0': 0.8581605573705511, 'E1_r1': 0.8518213677487687, 'E1_r2': 0.8438334588848252, 'E2_r0': 0.861201315216327, 'E2_r1': 0.8547750335252245, 'E2_r2': 0.8457928931133267}","{'E0_r0': 0.6247863992848548, 'E0_r1': 0.5538006006418698, 'E0_r2': 0.49343357813486893, 'E1_r0': 0.6301811948928011, 'E1_r1': 0.5612183324043393, 'E1_r2': 0.5020077575041878, 'E2_r0': 0.6365820892633444, 'E2_r1': 0.5693614884389313, 'E2_r2': 0.5109628430691362}",14.450670008820925,1.078904746745968,0.47805806835376796,6.534916530571092
mp-2472,SrO,2.58,66.0,0.0,3.423826610138442,3.3317651611211545,0.8475902325635144,0.5187395835133044,0.321795366723683,3.808027126666667,14.944548580000001,1.3816333333333333,0.0,1.4014106898237937,2.6810685735204256,0.9308710722769198,0.0151306229623355,0.24169023495473516,True,1.1830029664318087,"{'E0_r0': 0.937193096786717, 'E0_r1': 0.9284667472827561, 'E0_r2': 0.9214392955251819, 'E1_r0': 0.9410843029598807, 'E1_r1': 0.9308707592613888, 'E1_r2': 0.9213333549562134, 'E2_r0': 0.9410904909715188, 'E2_r1': 0.9309008603513159, 'E2_r2': 0.9208171464573073}","{'E0_r0': 0.2312607808692971, 'E0_r1': 0.19264385487022526, 'E0_r2': 0.21286032071265637, 'E1_r0': 0.310265576690964, 'E1_r1': 0.24169138004912352, 'E1_r2': 0.24329189832175455, 'E2_r0': 0.31832673092763325, 'E2_r1': 0.24609569515565957, 'E2_r2': 0.24449186283804547}",301.9259122316832,12.45026510850823,0.224982448171175,0.040566237722104236
mp-2490,GaP,2.36,14.8,4.75,1.8177693146921527,1.6002962737755233,0.20833171444353993,0.30739660692699317,0.12417480188995975,10.314634646666667,2.0828455366666665,3.2318,0.17511926156812416,4.096991536078877,0.1701653813514479,0.7995380567432855,0.1129617079396669,0.5346567626418701,True,3.269766304604899,"{'E0_r0': 0.8177058523242426, 'E0_r1': 0.8116944907718178, 'E0_r2': 0.7758460475122595, 'E1_r0': 0.8085599510854896, 'E1_r1': 0.7995395373952844, 'E1_r2': 0.7633210608764939, 'E2_r0': 0.8030349546469393, 'E2_r1': 0.7910997993001245, 'E2_r2': 0.7540933969983683}","{'E0_r0': 0.5439873701833158, 'E0_r1': 0.5285564704421477, 'E0_r2': 0.5141177676506857, 'E1_r0': 0.5510204989628539, 'E1_r1': 0.5346542061741612, 'E1_r2': 0.5190171288032462, 'E2_r0': 0.5577823600933308, 'E2_r1': 0.5424415416513931, 'E2_r2': 0.5273477219535732}",15.879851765585675,10.992267727895534,0.42747842902733685,0.019222172109664298
mp-2534,GaAs,2.49,3.9,0.33,0.13575533459687436,0.13575533459687428,0.030764544652888536,0.010875698168593146,0.00803515732061037,16.80023844,2.2142009666666667,3.7219,0.1877249777256312,4.124670060810658,0.1297999464809094,0.7762527335526894,0.0070273479424384,0.5125172917450825,True,3.1195643939961166,"{'E0_r0': 0.7783426208033836, 'E0_r1': 0.7870128122060104, 'E0_r2': 0.7606510422327618, 'E1_r0': 0.7695297092063703, 'E1_r1': 0.7762552260127178, 'E1_r2': 0.7497523350355333, 'E2_r0': 0.7609971443906517, 'E2_r1': 0.7653864746814525, 'E2_r2': 0.7385631711379321}","{'E0_r0': 0.4893992703893363, 'E0_r1': 0.45556385560974577, 'E0_r2': 0.4328339247756867, 'E1_r0': 0.5426648596040159, 'E1_r1': 0.5125211544506884, 'E1_r2': 0.48940249782590584, 'E2_r0': 0.5370882765620534, 'E2_r1': 0.5058584599405466, 'E2_r2': 0.4822910665301649}",0.3873326974931408,0.30237647497156883,0.39784294871014153,0.0009121493868312331
mp-2605,CaO,2.4,82.0,22.0,4.032913155512415,3.656520160203404,0.8486766318411556,0.5695816410345832,0.34083399188755564,3.7868431566666665,11.604457316666666,1.2086333333333334,2.385847360489097e-07,1.3055298711195835,2.052389227726101,0.9470528779147513,0.0160807789607246,0.16287491739168214,True,1.1173551189680764,"{'E0_r0': 0.95805107140237, 'E0_r1': 0.9543242844797242, 'E0_r2': 0.9401227380050525, 'E1_r0': 0.9522237172676957, 'E1_r1': 0.9470531218830613, 'E1_r2': 0.9311939733239311, 'E2_r0': 0.9464329243465706, 'E2_r1': 0.9400579732266374, 'E2_r2': 0.9229559329049002}","{'E0_r0': 0.13152449054579124, 'E0_r1': 0.14015240416942404, 'E0_r2': 0.18087358696112568, 'E1_r0': 0.16438623236834501, 'E1_r1': 0.1628741641945291, 'E1_r2': 0.19435034578188273, 'E2_r0': 0.17746893378110642, 'E2_r1': 0.17188285551634006, 'E2_r2': 0.19972327754472405}",323.3768546889374,19.575503215275695,0.15425115925591995,0.033004017512435695
mp-2758,SrSe,3.14,88.0,0.0,2.79540071524082,2.223021069225693,0.4227949279112264,0.3900117601523274,0.20287110876385966,5.202741313333333,6.449746906666667,2.701633333333333,2.435182921006915e-07,1.8891629155313725,0.8009758543750334,0.9210368753832485,0.0150199202590483,0.27701819854671944,True,1.2399817529847228,"{'E0_r0': 0.9056752891712372, 'E0_r1': 0.929233826177382, 'E0_r2': 0.9357566745501589, 'E1_r0': 0.8997667550949223, 'E1_r1': 0.9210370781632172, 'E1_r2': 0.9256260300679455, 'E2_r0': 0.8918050624321985, 'E2_r1': 0.9140329218059003, 'E2_r2': 0.9187906903172788}","{'E0_r0': 0.22506205723449385, 'E0_r1': 0.24386220813067114, 'E0_r2': 0.26543643735261174, 'E1_r0': 0.26736182851171636, 'E1_r1': 0.27701741678326974, 'E1_r2': 0.28893507240068317, 'E2_r0': 0.266052185583071, 'E2_r1': 0.2741425561679342, 'E2_r2': 0.28470850808754045}",101.9709357081605,20.3284153178862,0.2551439760137668,0.012030593462136084
mp-8062,SiC,1.88,27.0,0.0,4.539760577972583,1.3854383129436503,0.5019399143875272,0.29222533718169186,0.18469652309392207,6.94333414,3.3152069633333334,2.0171666666666668,0.10682369587321998,3.7824630339447167,0.2983132790437728,0.7898530225925292,0.0088649960233608,0.49919748992616153,True,3.7362273502330425,"{'E0_r0': 0.8590872249293561, 'E0_r1': 0.7952005831703634, 'E0_r2': 0.7210112829001687, 'E1_r0': 0.85429500657156, 'E1_r1': 0.789839012512229, 'E1_r2': 0.7163384810138853, 'E2_r0': 0.8474063836135713, 'E2_r1': 0.7820737662108309, 'E2_r2': 0.709459616431423}","{'E0_r0': 0.58140262517644, 'E0_r1': 0.47995874791784765, 'E0_r2': 0.4325389685404808, 'E1_r0': 0.6034571204676228, 'E1_r1': 0.4991909129066897, 'E1_r2': 0.44569494060243714, 'E2_r0': 0.5883898458343707, 'E2_r1': 0.48916863093204405, 'E2_r2': 0.4414878937439777}",52.12466248246267,23.878562659117122,0.39429264628878236,0.0026445460324387663
mp-20351,InP,2.56,5.1,0.0,0.5934068342538412,0.593406834253841,0.11755801704463285,0.047646909878897484,0.03390501934763859,11.115623133333335,3.0022025066666664,3.5577333333333327,0.1541720519386428,3.8293886059082287,0.251731651274807,0.8518637637196421,0.0083809557899537,0.6706747418386332,True,2.8408314783610145,"{'E0_r0': 0.838491763511976, 'E0_r1': 0.8586832515624322, 'E0_r2': 0.8389877696169047, 'E1_r0': 0.836698395600517, 'E1_r1': 0.8518627082964477, 'E1_r2': 0.829161858944579, 'E2_r0': 0.8368200037810658, 'E2_r1': 0.8495817248706542, 'E2_r2': 0.8252286688697572}","{'E0_r0': 0.7764788616144427, 'E0_r1': 0.7311114851924293, 'E0_r2': 0.6772580695054696, 'E1_r0': 0.7199972908112845, 'E1_r1': 0.6706766069907184, 'E1_r2': 0.6154288390858238, 'E2_r0': 0.7203535416851452, 'E2_r1': 0.6660245120153311, 'E2_r2': 0.6077054627175227}",3.7335075675593803,2.3144565710622467,0.5713235098143574,0.0021097518402661995
mp-22862,NaCl,2.79,900.0,0.0,5.225693757930251,5.22569375793025,1.2858453896795816,0.3969188483880076,0.30329636186156506,2.5248924699999997,3.097762246666667,1.3698333333333332,7.655680381786115e-08,0.9242439977647404,2.287433533156306,0.9876290495906478,0.0129168106808707,0.713887417080235,True,0.7449166767401308,"{'E0_r0': 0.990881007806809, 'E0_r1': 0.9886471063547666, 'E0_r2': 0.9791440957263177, 'E1_r0': 0.9899285343087421, 'E1_r1': 0.9876291094047938, 'E1_r2': 0.9776233142762206, 'E2_r0': 0.9891965269040005, 'E2_r1': 0.9868134022972233, 'E2_r2': 0.9763879461371381}","{'E0_r0': 0.8346920519389253, 'E0_r1': 0.712224265151677, 'E0_r2': 0.5643944929183339, 'E1_r0': 0.8352369403463844, 'E1_r1': 0.7138730523263818, 'E1_r2': 0.5667729354352979, 'E2_r0': 0.836481781529419, 'E2_r1': 0.716276862259417, 'E2_r2': 0.570158007280699}",647.294763765266,130.52840732944074,0.7050559512456749,0.02954634589285517
mp-22870,InBr,2.98,11.6,0.0,1.3101281272347096,1.0484137653444143,0.31310263691755097,0.2237271167591681,0.13048745850521626,7.3685687333333325,33.835170723333334,2.41695,0.03474889358279396,3.9179711027301773,0.3396612848854384,0.5921138418486513,0.0729460765754636,0.5062592065925267,True,2.1303383194920475,"{'E0_r0': 0.6342804865557221, 'E0_r1': 0.5680696466143491, 'E0_r2': 0.5145179185142699, 'E1_r0': 0.6562890100558415, 'E1_r1': 0.5921151834160997, 'E1_r2': 0.5390150031958867, 'E2_r0': 0.6848696317182595, 'E2_r1': 0.6230934991802949, 'E2_r2': 0.5706760346363793}","{'E0_r0': 0.6494739632507044, 'E0_r1': 0.5090951290336947, 'E0_r2': 0.3861405272638571, 'E1_r0': 0.6428148290904941, 'E1_r1': 0.5062559783374971, 'E1_r2': 0.3870541191088639, 'E2_r0': 0.6279013602301668, 'E2_r1': 0.4940965992596035, 'E2_r2': 0.37929662690688737}",32.69814850257027,1.0457218320504242,0.29976308378675104,0.02477695809697355
mp-22875,TlBr,3.46,6.5,0.0,1.89145641756016,1.8914564175601605,0.38356751706976655,0.203473987273119,0.13294803094714333,5.935510830000001,52.13833544,2.302375,0.1420442823301186,4.602871394371373,0.8423646122197959,0.8879263328452126,0.0250603141404397,0.4870099963800908,True,2.3980780272250364,"{'E0_r0': 0.8836726987778153, 'E0_r1': 0.8655873953369567, 'E0_r2': 0.8526734989272358, 'E1_r0': 0.9014479062287245, 'E1_r1': 0.8879276040938654, 'E1_r2': 0.8774764614506225, 'E2_r0': 0.9084597629842642, 'E2_r1': 0.8971916137293396, 'E2_r2': 0.887733282201042}","{'E0_r0': 0.6174271878277565, 'E0_r1': 0.4795794859123077, 'E0_r2': 0.3650483540697848, 'E1_r0': 0.6152444275676382, 'E1_r1': 0.4869954523867597, 'E1_r2': 0.37790262455248314, 'E2_r0': 0.6238400171019398, 'E2_r1': 0.5000336492762493, 'E2_r2': 0.39204456487188155}",51.343606736242144,0.5363414917498582,0.4324290001447343,0.021109921803017753
mp-22898,KI,3.54,425.0,25.0,3.942385349574208,3.942385349574208,1.052016210285415,0.3311983248555859,0.251895853980405,2.859721926666667,2.5370834,2.3726333333333334,3.305106342546448e-07,0.9300133457497876,1.3761717457886482,0.9622480418843502,0.0147710826519134,0.7793267164542298,True,0.5330065780952566,"{'E0_r0': 0.9433366382721052, 'E0_r1': 0.9660506114979315, 'E0_r2': 0.973744447801442, 'E1_r0': 0.935584244256163, 'E1_r1': 0.9622479890775143, 'E1_r2': 0.9711715113807187, 'E2_r0': 0.9343773123094019, 'E2_r1': 0.9617598910372589, 'E2_r2': 0.9704632551751766}","{'E0_r0': 0.7013610845046302, 'E0_r1': 0.7822165427461095, 'E0_r2': 0.736424400144692, 'E1_r0': 0.6979927341508992, 'E1_r1': 0.779326908609595, 'E1_r2': 0.7389726372290274, 'E2_r0': 0.6446703312615789, 'E2_r1': 0.715364545224718, 'E2_r2': 0.6802319251787025}",419.07724099951633,117.67065791738095,0.7499056068962429,0.020327546600272077
mp-22903,RbI,3.69,500.0,0.0,3.858084428193636,3.858084428193637,1.1399118870313691,0.33607118374413375,0.25955008890268616,2.7725639799999997,2.4743899133333334,2.4639,3.2919582460037426e-07,0.8882703322117362,1.518482795208616,0.954349012189783,0.0128981655664452,0.7372791690872963,True,0.4771787268841976,"{'E0_r0': 0.930753833682281, 'E0_r1': 0.9543316586444224, 'E0_r2': 0.9661091829739932, 'E1_r0': 0.9299650882335888, 'E1_r1': 0.9543489300821338, 'E1_r2': 0.9661016026457855, 'E2_r0': 0.9299401892844242, 'E2_r1': 0.9544078050790609, 'E2_r2': 0.9661369877796027}","{'E0_r0': 0.6420283788998635, 'E0_r1': 0.7441962127105093, 'E0_r2': 0.7417285132899677, 'E1_r0': 0.6396666679858648, 'E1_r1': 0.7372851786855621, 'E1_r2': 0.7359327657829764, 'E2_r0': 0.6017642258606724, 'E2_r1': 0.667239163651437, 'E2_r2': 0.6513676478420061}",459.38699429185954,128.2706671001609,0.7036216467265651,0.019585642502399227
mp-22916,NaBr,2.96,400.0,0.0,4.206255055628088,4.206255055628088,0.9790456688107868,0.31282857377679285,0.23707683777561,2.8879559133333337,3.3074796433333336,1.7304,1.4142207592675774e-07,1.1981647069634835,1.6604175056779642,0.9857415052939389,0.0121143920502809,0.7267304936111075,True,0.9029906471576493,"{'E0_r0': 0.9881013694696327, 'E0_r1': 0.9868719169171559, 'E0_r2': 0.9782944687718708, 'E1_r0': 0.9868440822362247, 'E1_r1': 0.9857417067106283, 'E1_r2': 0.9767719534950112, 'E2_r0': 0.9859825935277855, 'E2_r1': 0.9849608928544271, 'E2_r2': 0.9757163847579456}","{'E0_r0': 0.8173558111436646, 'E0_r1': 0.713036806456431, 'E0_r2': 0.5749334200157683, 'E1_r0': 0.8239406617141836, 'E1_r1': 0.7267186856448882, 'E1_r2': 0.5955523636591459, 'E2_r0': 0.8252629119684213, 'E2_r1': 0.7290363364574136, 'E2_r2': 0.5991546166932655}",386.7485328120488,84.03614180891056,0.7163684107152204,0.020114948630932373
mp-23037,CsPbCl3,3.08,64.0,0.0,2.1276962759820273,2.1276962759820273,0.20515188423974562,0.2755915644918187,0.11760561456479779,3.7791696800000003,71.16675660333334,2.1930666666666667,3.550990837600592e-07,7.6496598769920015,0.19807098017479052,0.7760555279059052,0.1899175173960913,0.505237201222567,False,2.9092975872351214,"{'E0_r0': 0.8104956615299836, 'E0_r1': 0.7622654468063402, 'E0_r2': 0.7245138778232029, 'E1_r0': 0.8204253866628544, 'E1_r1': 0.7760554960932039, 'E1_r2': 0.7409138350305094, 'E2_r0': 0.8209238115083939, 'E2_r1': 0.7760928746384971, 'E2_r2': 0.7402092434171718}","{'E0_r0': 0.6431449624818902, 'E0_r1': 0.4888039059794595, 'E0_r2': 0.38244806339119236, 'E1_r0': 0.6565717708167704, 'E1_r1': 0.5052389486782142, 'E1_r2': 0.3967412707959142, 'E2_r0': 0.6652275413303824, 'E2_r1': 0.5162886455657596, 'E2_r2': 0.4066482798498166}",112.03557301406337,0.2848738991038249,0.39209212291248124,0.03761714882300664
mp-23155,Ar,3.79,2100.0,0.0,8.636262698512988,8.63626269851299,2.8938332846743715,0.5803500442030479,0.48340462079751084,1.69858936,0.0,0.9403333333333331,0.0,0.5317304388156746,3.677934036476461,1.0,0.0107352864136246,1.0,False,0.4372455718293826,"{'E0_r0': 1.0, 'E0_r1': 1.0, 'E0_r2': 1.0, 'E1_r0': 1.0, 'E1_r1': 1.0, 'E1_r2': 1.0, 'E2_r0': 1.0, 'E2_r1': 1.0, 'E2_r2': 1.0}","{'E0_r0': 1.0, 'E0_r1': 1.0, 'E0_r2': 1.0, 'E1_r0': 1.0, 'E1_r1': 1.0, 'E1_r2': 1.0, 'E2_r0': 1.0, 'E2_r1': 1.0, 'E2_r2': 1.0}",2279.579097496034,2279.579097496034,1.0,0.03948367529199324
mp-23167,TlCl,3.32,11.0,0.0,2.096628574549418,2.0966285745494178,0.42533828831241927,0.2372195431632133,0.15228641131382661,5.30271359,52.56984571,1.963025,0.03241143363157991,7.927135216618869,0.52620142705532,0.8225241494123083,0.0250717386435164,0.5268270641467531,True,4.585282368650801,"{'E0_r0': 0.8716023351387232, 'E0_r1': 0.8306664960925259, 'E0_r2': 0.7983594603541088, 'E1_r0': 0.8652912731761242, 'E1_r1': 0.8225245214468386, 'E1_r2': 0.7887996077871205, 'E2_r0': 0.9077627963495873, 'E2_r1': 0.8794387975008574, 'E2_r2': 0.8560311039456728}","{'E0_r0': 0.6638950726664934, 'E0_r1': 0.4999783095476625, 'E0_r2': 0.37061543711442013, 'E1_r0': 0.6848689087223836, 'E1_r1': 0.5268285189971537, 'E1_r2': 0.39541376444018966, 'E2_r0': 0.6689375496299662, 'E2_r1': 0.5163065401569078, 'E2_r2': 0.3908292004001348}",73.6860842758207,0.6186377854909392,0.43332798282469165,0.013192784652976342
mp-23193,KCl,3.14,900.0,0.0,5.210245903216776,5.210245903216776,1.6745919122144057,0.4464240071149208,0.35246224458766906,2.3288666133333336,2.680438776666667,1.4792333333333334,2.0332931348134718e-07,0.6449723700613897,3.2320284922703344,0.9759913206661425,0.01693034625664,0.7490556673937118,True,0.4082664817380552,"{'E0_r0': 0.9689949312955125, 'E0_r1': 0.9760264773428852, 'E0_r2': 0.9771976494030031, 'E1_r0': 0.9688068200221752, 'E1_r1': 0.9759913467921294, 'E1_r2': 0.9769268944291293, 'E2_r0': 0.9688226467290267, 'E2_r1': 0.9760158589462481, 'E2_r2': 0.976908444905886}","{'E0_r0': 0.7333367895237896, 'E0_r1': 0.7454590642515456, 'E0_r2': 0.6579641466978722, 'E1_r0': 0.7350300894360645, 'E1_r1': 0.7490555087902431, 'E1_r2': 0.6678916888933266, 'E2_r0': 0.7334910695573997, 'E2_r1': 0.747639338366907, 'E2_r2': 0.6695199901623959}",884.1868266620185,191.1077290547877,0.7310718300720475,0.05471936148546288
mp-23202,InI,3.22,4.2,0.0,1.2991610401910136,1.2854360483351552,0.2703957940162749,0.22363853095613662,0.12240226051883081,8.910660356666668,28.583810726666666,3.0440625,0.031928703468055764,3.636825881218216,0.5556359132601101,0.6355391714381403,0.0844580871771662,0.4171074068075909,True,1.79554725234203,"{'E0_r0': 0.6474593421453044, 'E0_r1': 0.6273663492989222, 'E0_r2': 0.6133856949432173, 'E1_r0': 0.6552117814755407, 'E1_r1': 0.6355389571785656, 'E1_r2': 0.6214475953141332, 'E2_r0': 0.663186214961057, 'E2_r1': 0.6439677737779645, 'E2_r2': 0.6299724616130367}","{'E0_r0': 0.5272899002760576, 'E0_r1': 0.42774700317914566, 'E0_r2': 0.34464737051615046, 'E1_r0': 0.5155805135191818, 'E1_r1': 0.4171075355638434, 'E1_r2': 0.33748014174675905, 'E2_r0': 0.5116842034742816, 'E2_r1': 0.41524576524721757, 'E2_r2': 0.33802740179561835}",20.97443763125318,1.1846106765805926,0.26508809572320763,0.04692794640088673
mp-23251,KBr,3.3,700.0,0.0,4.431485592493652,4.43148559249365,1.324917424025585,0.3781171806446475,0.29416550878396824,2.5580530466666667,2.5269085400000004,1.8184,1.221092664244723e-07,0.7662834593006241,2.391292418934957,0.9714089156378822,0.0162235194605911,0.7662521507984994,True,0.4595720250926371,"{'E0_r0': 0.9609383322208804, 'E0_r1': 0.9731858927846161, 'E0_r2': 0.9764895879527008, 'E1_r0': 0.957701182910858, 'E1_r1': 0.9714091038619823, 'E1_r2': 0.974855407214815, 'E2_r0': 0.9575902744669388, 'E2_r1': 0.9713979161567554, 'E2_r2': 0.9746962854134998}","{'E0_r0': 0.7258490989876324, 'E0_r1': 0.7649710007896015, 'E0_r2': 0.6908885486913157, 'E1_r0': 0.7260097658703453, 'E1_r1': 0.7662619392053075, 'E1_r2': 0.6994876192603877, 'E2_r0': 0.7242202804445806, 'E2_r1': 0.7652909240614372, 'E2_r2': 0.7011058737474752}",611.6364016993647,154.7879199520102,0.7443441709123653,0.03879517909455524
mp-23268,NaI,3.22,300.0,0.0,3.681870863226675,3.681870863226675,0.7667617892364301,0.26571428888570525,0.19733102576308595,3.39428343,3.925018023333333,2.329033333333333,3.5499710437155547e-07,1.629851908823717,1.004710748613611,0.9807210589016608,0.0122124427786393,0.6115736486629398,True,1.1178042301995728,"{'E0_r0': 0.9815624934323981, 'E0_r1': 0.9826930468794887, 'E0_r2': 0.9755301318761708, 'E1_r0': 0.9791828080071181, 'E1_r1': 0.9807210607320912, 'E1_r2': 0.9731625818813049, 'E2_r0': 0.9776947561820083, 'E2_r1': 0.9794839856142404, 'E2_r2': 0.9716775915123131}","{'E0_r0': 0.782347026684338, 'E0_r1': 0.7175276816212742, 'E0_r2': 0.6117028873922479, 'E1_r0': 0.6900586698271732, 'E1_r1': 0.611571608573695, 'E1_r2': 0.5087282692020154, 'E2_r0': 0.7002725476964815, 'E2_r1': 0.6252559909017082, 'E2_r2': 0.5245330147169197}",233.03429126653234,50.11604284897162,0.5997831563130707,0.012269972526527579
mp-23291,PbCl2,2.85,86.0,0.0,3.9800307154185433,3.8743775641326943,1.7007429923697772,0.8250350805189829,0.55554074473656,4.876724566666667,25.45043327333333,2.3058208333333328,0.08114735372062132,1.1749214267360115,12.786641659196118,0.9437863471469886,1.3585142503638012,0.5727514185596866,False,0.4076168967919101,"{'E0_r0': 0.9480108255894525, 'E0_r1': 0.9372197530932018, 'E0_r2': 0.9270433068234918, 'E1_r0': 0.952971964434853, 'E1_r1': 0.9437863596396324, 'E1_r2': 0.9346619902790839, 'E2_r0': 0.9545673250918832, 'E2_r1': 0.9458996900053503, 'E2_r2': 0.936997804110244}","{'E0_r0': 0.7153112687309389, 'E0_r1': 0.5734744661173061, 'E0_r2': 0.45220124821241553, 'E1_r0': 0.7123682730263101, 'E1_r1': 0.5727512643550674, 'E1_r2': 0.45331402295970813, 'E2_r0': 0.7079755593212191, 'E2_r1': 0.5696668104715769, 'E2_r2': 0.45167791741729124}",317.8191988545098,8.218132910980772,0.5405549691457026,17.370834908313366
mp-23703,LiH,2.01,42.0,0.0,2.9980180460573487,2.9980180460573487,0.2383346702605047,0.2383346702605047,0.11916733513025235,4.369624149999999,10.92883698,1.4173,1.4095730799450693e-07,3.342928646116535,0.22532643520343,0.9000763467565587,0.0245660531923416,0.48554283214753796,True,3.7226929665988497,"{'E0_r0': 0.9486499500428401, 'E0_r1': 0.902413988448933, 'E0_r2': 0.8236723434918246, 'E1_r0': 0.9470409582940585, 'E1_r1': 0.9000758509024653, 'E1_r2': 0.8208995664104672, 'E2_r0': 0.9388924412801233, 'E2_r1': 0.8886697849442234, 'E2_r2': 0.8078543656038186}","{'E0_r0': 0.48019061208493385, 'E0_r1': 0.47701908349646116, 'E0_r2': 0.48402718580789555, 'E1_r0': 0.4949585662746237, 'E1_r1': 0.4855617386548576, 'E1_r2': 0.48874946099406436, 'E2_r0': 0.4838558687750638, 'E2_r1': 0.4790440568132355, 'E2_r2': 0.4851253172702247}",84.91603917779726,6.927593563935779,0.43702561855318894,0.005535381192848174
mp-28077,PbBr2,2.98,69.0,0.0,3.1963826238851927,3.0541835369488552,1.2571879891253244,1.109448770153044,0.5893535046804419,5.713392063333333,22.852091386666668,2.7414416666666668,0.09059293267908997,1.7116111271180188,9.981443571774154,0.9417066508525431,0.990766129024273,0.5514314479272827,False,0.5767432159301911,"{'E0_r0': 0.9428620385874833, 'E0_r1': 0.9403167144793992, 'E0_r2': 0.9362271028667348, 'E1_r0': 0.944059303940863, 'E1_r1': 0.9417066397495432, 'E1_r2': 0.9375516189938935, 'E2_r0': 0.9441775200589718, 'E2_r1': 0.9418007739040527, 'E2_r2': 0.9374180421398092}","{'E0_r0': 0.6653548526858579, 'E0_r1': 0.5494477933528639, 'E0_r2': 0.4452345206899641, 'E1_r0': 0.6647276439997396, 'E1_r1': 0.5514307871606968, 'E1_r2': 0.44931792000729376, 'E2_r0': 0.6610945381589252, 'E2_r1': 0.5503748402223326, 'E2_r2': 0.4505532646745991}",245.64531377905098,9.826828587889239,0.51928666200237,9.889276209680892
mp-611517,Xe,4.59,1000.0,0.0,6.203856417750341,6.203856417750341,1.852185825194651,0.4391523127962603,0.3549854451320215,2.05273288,0.0,1.7483666666666666,0.0,0.8190833208304945,1.9534149485921133,1.0,0.0129288863020199,1.0,False,0.5565242720051492,"{'E0_r0': 1.0, 'E0_r1': 1.0, 'E0_r2': 1.0, 'E1_r0': 1.0, 'E1_r1': 1.0, 'E1_r2': 1.0, 'E2_r0': 1.0, 'E2_r1': 1.0, 'E2_r2': 1.0}","{'E0_r0': 1.0, 'E0_r1': 1.0, 'E0_r2': 1.0, 'E1_r0': 1.0, 'E1_r1': 1.0, 'E1_r2': 1.0, 'E2_r0': 1.0, 'E2_r1': 1.0, 'E2_r2': 1.0}",1146.2156570865413,1146.2156570865413,1.0,0.02525547977101348
mp-612118,Kr,4.1,1500.0,0.0,7.221445585093279,7.22144558509328,2.1995760698912927,0.4852667668781728,0.39755815622454493,1.88267634,0.0,1.2498333333333331,0.0,0.6846476667169643,2.714894363103625,1.0,0.0108378212390496,1.0,False,0.5212131705966899,"{'E0_r0': 1.0, 'E0_r1': 1.0, 'E0_r2': 1.0, 'E1_r0': 1.0, 'E1_r1': 1.0, 'E1_r2': 1.0, 'E2_r0': 1.0, 'E2_r1': 1.0, 'E2_r2': 1.0}","{'E0_r0': 1.0, 'E0_r1': 1.0, 'E0_r2': 1.0, 'E1_r0': 1.0, 'E1_r1': 1.0, 'E1_r2': 1.0, 'E2_r0': 1.0, 'E2_r1': 1.0, 'E2_r2': 1.0}",1526.0543653075003,1526.0543653075003,1.0,0.029423539790220506
mp-732337,H6PbCBr3N,1.6,12.5,2.5,2.113772039736043,2.113772039736043,0.2617953158017548,0.26374614742104324,0.13138355541381172,4.281320186666666,22.963706336666664,2.6309722222222223,0.0319766453440088,8.124607087446131,2.4747730558697882,0.8348872728915048,0.8362339587171629,0.44651650373458623,False,1.8494496184066505,"{'E0_r0': 0.7982374236046194, 'E0_r1': 0.7899244733511449, 'E0_r2': 0.7802627835761017, 'E1_r0': 0.8403574153541816, 'E1_r1': 0.8348873965230443, 'E1_r2': 0.8259390091681067, 'E2_r0': 0.892947224357137, 'E2_r1': 0.891597876698586, 'E2_r2': 0.883474462480557}","{'E0_r0': 0.5402018019400281, 'E0_r1': 0.43249767249083065, 'E0_r2': 0.34385504083799895, 'E1_r0': 0.5514076557342311, 'E1_r1': 0.44651738872087243, 'E1_r2': 0.3574943639742932, 'E2_r0': 0.5555596512290596, 'E2_r1': 0.4513913103728391, 'E2_r2': 0.36204855182559736}",97.52282210984215,2.4081703641153003,0.3727909461040181,2.0694892694365636
mp-995214,H6PbCI3N,1.66,12.5,2.5,1.7737875288012392,1.7737875288012392,0.2850473026789981,0.21849788587368252,0.12368747517650211,5.217217926666667,38.70469846,3.263463888888889,0.04393361269414371,4.275022599825088,8.717802818944893,0.8785155336321597,0.647069353905153,0.40336125151444574,False,0.9470692929658525,"{'E0_r0': 0.8593481937746282, 'E0_r1': 0.87980008302704, 'E0_r2': 0.8853194690225609, 'E1_r0': 0.8561937436000597, 'E1_r1': 0.8785155192886188, 'E1_r2': 0.883193599317217, 'E2_r0': 0.8494995597605544, 'E2_r1': 0.8739363006129323, 'E2_r2': 0.8786914259886311}","{'E0_r0': 0.4601033286459175, 'E0_r1': 0.39106916485899557, 'E0_r2': 0.330382762729296, 'E1_r0': 0.46894304202546366, 'E1_r1': 0.40336151345266086, 'E1_r2': 0.3438742160203862, 'E2_r0': 0.46946041882602646, 'E2_r1': 0.4048161878717487, 'E2_r2': 0.3457578717342548}",61.82561369013652,0.8723360691754896,0.3543591251207491,5.6410230375271935
mp-1228891,AlGaAs2,2.45,4.0,0.0,0.8747210111275511,0.8747210111275514,0.16754161033914017,0.06412279994194332,0.04637413726473007,11.21925909,1.93464462,3.409366666666666,0.15904784078213596,5.77157029080747,0.2986386367305513,0.7775510340070139,0.038064239667751,0.4647481026821938,False,2.975833056999727,"{'E0_r0': 0.7835805893224554, 'E0_r1': 0.7818643815968856, 'E0_r2': 0.751494380389711, 'E1_r0': 0.7812504813833956, 'E1_r1': 0.7775497966382046, 'E1_r2': 0.7465777906480409, 'E2_r0': 0.7727172653206938, 'E2_r1': 0.7661616000021436, 'E2_r2': 0.7346903918721386}","{'E0_r0': 0.49958446707050636, 'E0_r1': 0.4557043245210372, 'E0_r2': 0.4285541034753647, 'E1_r0': 0.503548637729921, 'E1_r1': 0.4647478998784321, 'E1_r2': 0.43962404648692655, 'E2_r0': 0.49662675995441835, 'E2_r1': 0.46312904312178693, 'E2_r2': 0.4419601933817175}",5.0126589310987875,3.646592157914448,0.36136536779333767,0.011367452642562132
